id	category	name
uuid:23d32ce1-b900-550f-9782-e92954957b5b	biolink:Gene	MALAT1
uuid:f9c85d3b-09dc-5173-be84-9d8dc47cc22e	biolink:Gene	LSAMP
uuid:d6ec7f27-8a8e-5491-96f7-4951dbadac01	biolink:Gene	DPP10
uuid:d04459ae-88ad-592f-ad4e-8a5d7940ba09	biolink:Gene	SLC1A2
uuid:389fbfaa-5979-5793-ab70-a14827f1e104	biolink:Gene	CTNNA2
uuid:a91b74dd-7c12-5802-b64f-17e14e477282	biolink:Gene	MACF1
uuid:b088b4f2-124e-5dd9-9158-e00bda4a66b5	biolink:Gene	GPM6A
uuid:2baf7e16-fc41-520f-b8f3-0d52b34d4a6d	biolink:Gene	PCDH9
uuid:a065487d-531c-527c-9f91-0a382d30b1b4	biolink:Gene	PITPNC1
uuid:77a287f3-5f25-5bb2-8586-72a7d0699e5b	biolink:Gene	NRXN1
uuid:db3645f6-6f41-5822-a892-c9a5e2ff46ae	biolink:Gene	NPAS3
uuid:665e2374-13e6-5595-8857-891f59f0c6a7	biolink:Gene	NRG3
uuid:fdf79ee4-08f7-5943-a408-bc99932ed6c4	biolink:Gene	GPC5
uuid:a41ba83c-dec0-5349-8467-9984cb3af600	biolink:Gene	NTM
uuid:0ee9e459-9b70-570d-b32d-a737012f214a	biolink:Gene	LRP1B
uuid:23f5d5f9-1eef-5890-a055-ea98707c6c0c	biolink:Gene	RORA
uuid:59d1d3d6-0961-55c6-827c-45569de28268	biolink:Gene	CTNND2
uuid:90ce04a7-b291-5edc-8bc7-3eac6415ef70	biolink:Gene	ADGRV1
uuid:7312e0ed-45e7-5141-b271-ae60188260a5	biolink:Gene	DST
uuid:4616c3a5-9ffb-57b0-a15d-da51686fda98	biolink:Gene	SORBS1
uuid:037c0071-5367-5c0f-a2df-4c5e361e45e5	biolink:Gene	DTNA
uuid:096a8b60-2680-531d-a1df-c67f103d98cf	biolink:Gene	MT-ND4
uuid:2c2247ef-91d9-5a9d-9602-35166601e085	biolink:Gene	PPP2R2B
uuid:9a811f7f-f656-5e8c-bee0-b8c1db69de47	biolink:Gene	NEAT1
uuid:28d5c9a3-7510-550d-a766-42825d38fc40	biolink:Gene	MMD2
uuid:d58d3031-4d64-5fd1-b535-7e39707bb3df	biolink:Gene	SYNE1
uuid:85111116-d404-552f-868d-c0abc3114463	biolink:Gene	MSI2
uuid:0b897edd-e5b0-5ccd-ae32-07665838864b	biolink:Gene	ADGRB3
uuid:fdb57f53-70ac-5f74-9210-3bc9121c8ba7	biolink:Gene	SLC1A3
uuid:64d70110-e6cf-5c6d-9728-d48742256338	biolink:Gene	CADM2
uuid:f0f2fd0b-dc23-5361-8a58-8d22ffa7dcd3	biolink:Gene	ELOVL5
uuid:32ec1b0e-967b-5c35-97ee-27b2a9f0d7b0	biolink:Gene	OBI1-AS1
uuid:faf8ebd6-50fc-5321-8e56-d6ad8668747e	biolink:Gene	ZBTB20
uuid:9721c73f-df74-5efe-b562-750526c64da5	biolink:Gene	ERBB4
uuid:d11859e4-eb19-5588-a896-b7a21f199a15	biolink:Gene	MT-CO3
uuid:20ff03e6-f937-5007-b305-bc16ea913960	biolink:Gene	MAGI2
uuid:891418d4-5fce-5468-a055-26087c118175	biolink:Gene	TPD52L1
uuid:476890df-85db-5480-a158-4f198af2df83	biolink:Gene	MIR99AHG
uuid:116979ae-0d67-55b8-b25b-511bc1cdf98b	biolink:Gene	QKI
uuid:426c0f03-0e90-5653-8381-871200a89f3b	biolink:Gene	LUC7L3
uuid:d2170be8-b5a0-5e29-aa6c-3fb55113f98e	biolink:Gene	SOX5
uuid:4f5c475f-f89c-51ea-af21-25f2473d7c96	biolink:Gene	RYR3
uuid:f3d8d727-e046-5cf0-ae9e-15449dfcec4d	biolink:Gene	ABLIM1
uuid:f673ba50-6761-59b8-b63b-1db4324fdbd5	biolink:Gene	HSP90AA1
uuid:97cd1a6b-9259-528d-aaf1-d46d8a551200	biolink:Gene	ANK2
uuid:83b44e04-b4a4-5737-aaae-1b60b8d5f29f	biolink:Gene	PRKCA
uuid:ae33bf0f-f743-5a10-8a82-59d4f834bed8	biolink:Gene	NTRK2
uuid:9b712971-e9c7-5a30-b721-2fda55021109	biolink:Gene	WWOX
uuid:0bf8e144-e33c-56cc-a6c0-f4501826f240	biolink:Gene	TNIK
uuid:cc66a1e2-de10-54a1-a660-79c42b15748a	biolink:Gene	TENM2
uuid:63b78e3c-8bb2-5452-9998-aedfaf982a59	biolink:Gene	TNRC6A
uuid:f655d016-cb18-5fc3-a3bb-9bf49a1b4b3c	biolink:Gene	ADGRL3
uuid:0f9c6f2e-68ab-55be-8aa6-3d08b51604c2	biolink:Gene	ZSWIM6
uuid:8fbeec7c-3f2c-5c38-b265-f81b8294be26	biolink:Gene	LINC00486
uuid:ff7a90e8-f449-5323-ba54-8b1926b799d1	biolink:Gene	MT-CO2
uuid:da38bf89-9119-5534-a232-fe975515038a	biolink:Gene	CACNB2
uuid:bd00b062-e9e3-5a3a-8e51-5f5e1fa87183	biolink:Gene	NFIA
uuid:b66a4173-4669-5cb9-a5be-6f956fac361a	biolink:Gene	CADM1
uuid:c0134f2b-3363-5e46-8cf3-89f9d91afb80	biolink:Gene	TRPM3
uuid:7d3cd1c6-d715-5587-90f5-5b955ef1e336	biolink:Gene	SLC4A4
uuid:785200b7-de34-5450-898f-d81277987db1	biolink:Gene	SGIP1
uuid:4570aa51-e9b0-58a3-8d2b-ea67d5675512	biolink:Gene	NKAIN3
uuid:d5eada63-c446-5bf4-b81d-057c9b819e9a	biolink:Gene	ARGLU1
uuid:80fc2553-43d1-5851-a7a4-6836195b9005	biolink:Gene	GRID2
uuid:c2555a9f-3b2c-595c-91ce-dbb3a3352f81	biolink:Gene	MT-ATP6
uuid:fed43801-e9a1-52d4-831b-25eca987bc64	biolink:Gene	LINC03051
uuid:6e0a582c-760b-53ad-98b5-70bfa7a22b70	biolink:Gene	MAPK10
uuid:44067645-a255-5398-90b9-61023db63715	biolink:Gene	PNISR
uuid:0a10715d-bcf4-5aad-97db-4d9ef3fd563b	biolink:Gene	NEBL
uuid:e7de0bd3-2ad4-57de-bee1-e24a39d4baad	biolink:Gene	FMN2
uuid:0aea6969-529d-574c-80e2-0283b57ea4be	biolink:Gene	GFAP
uuid:88bfe00c-ef2e-5d2a-a3c1-88be6b48bb65	biolink:Gene	HPSE2
uuid:042b32fa-dbc0-5ba5-982c-faa77ae21c43	biolink:Gene	AHCYL2
uuid:f98514a2-26ab-5811-b4a6-66d42c7540f2	biolink:Gene	RBM25
uuid:278fcaed-1f24-587c-b2dc-37fd67a959d1	biolink:Gene	SAMD4A
uuid:e21e465b-81d9-5462-bf9e-bb0b9a16702a	biolink:Gene	BTBD9
uuid:353c2c38-0640-599a-962f-cf783e6a2035	biolink:Gene	DOCK4
uuid:1598386c-a87d-58ff-9c28-272b11075c52	biolink:Gene	CDH20
uuid:2e28c35d-b377-5dc4-8519-f16403c30f40	biolink:Gene	NAV3
uuid:6353a6b7-57ae-5b05-9d15-a547c32e268b	biolink:Gene	DLG2
uuid:e3b91f5e-d7c9-5613-97b9-03a41031ec7d	biolink:Gene	FMNL2
uuid:cdc78437-c87d-5e92-a9a8-00bee7ae3a1f	biolink:Gene	FBXL7
uuid:b0299f52-e15c-5828-b686-6a5555feae37	biolink:Gene	SPARCL1
uuid:a3461b26-2d33-5080-bbd3-12d4095cd90f	biolink:Gene	ZNF98
uuid:b451810c-c8be-5bef-802e-3cc2d2549b7e	biolink:Gene	ADCY2
uuid:77da612f-30ac-59b8-8e73-a24700820aee	biolink:Gene	MT-ND3
uuid:eb3fc05e-40d6-52f2-a155-d5b3a6c368c5	biolink:Gene	ENSG00000271860
uuid:4caf55ca-1aa8-57c2-ae7d-4b9d4617c54b	biolink:Gene	OPHN1
uuid:446cbae4-50ef-5df3-bd4e-75661649a194	biolink:Gene	MT-CO1
uuid:820e2506-a518-5941-ab52-dc0a79c6e889	biolink:Gene	TRPS1
uuid:aed87990-b040-52bc-9a7c-034bee7d6e03	biolink:Gene	SIK3
uuid:7bac0244-ccb6-5ef6-99c5-c9a75b052aab	biolink:Gene	PARD3
uuid:e496f189-64c5-523a-a25c-c34c9812ba03	biolink:Gene	BAZ2B
uuid:f4759dfc-fde8-59b4-aee6-0b23a67abb70	biolink:Gene	PRKG1
uuid:27097b6b-b7d5-56ef-9778-420ad1fe63e4	biolink:Gene	RFX4
uuid:e33de5ee-a871-56b8-8062-e89219fec90a	biolink:Gene	NALF1
uuid:3b70c3d2-2706-5a1a-8c92-e69ab6736363	biolink:Gene	GLIS3
uuid:156fc441-e348-55d8-b6ba-ab40db368f99	biolink:Gene	XIST
uuid:92ec2cec-98d7-56ba-a755-73700a9520f8	biolink:Gene	NAV2
uuid:978310f5-409b-5f02-9e93-b0a9f4aadbea	biolink:Gene	PRRC2C
uuid:9a18b46d-74da-5fb1-9272-b596ad1684aa	biolink:Gene	PTPRG
uuid:4e1801eb-f834-5ee4-b146-ac410a6333c9	biolink:Gene	ATP10A
uuid:eed4cf83-cd85-539c-8232-83d711e591d2	biolink:Gene	FLT1
uuid:8a41f2f3-0550-54a3-b344-4ef5499e00b5	biolink:Gene	ARL15
uuid:27a99ef8-5b25-5c9a-bcdc-2a77c6eb2af2	biolink:Gene	ST6GALNAC3
uuid:050fe079-86fb-5776-893f-aa0a58922229	biolink:Gene	MECOM
uuid:56ace166-12c6-5c01-919c-ac784f216d32	biolink:Gene	THSD4
uuid:93475057-4d2d-5fda-91f5-3bb4f2c4fbd2	biolink:Gene	SLC39A10
uuid:8b200038-f4a6-59be-8aa8-6f0e094ba191	biolink:Gene	PDE4D
uuid:c557019a-ab86-5ecc-a5a5-038b5e658779	biolink:Gene	HERC2P3
uuid:86f6b326-e969-535a-90f5-92aadabd334d	biolink:Gene	ABCB1
uuid:4d73031f-5f39-5c42-b797-01b353444225	biolink:Gene	PTPRM
uuid:02859a80-c1f5-57d9-9800-a80becdd79ae	biolink:Gene	ELOVL7
uuid:52b99de0-70bd-5a4b-813c-6ea48f3ecef7	biolink:Gene	NXN
uuid:fd64deb3-fa2e-53de-8fe5-88cf538f7b92	biolink:Gene	STOX2
uuid:02b185d5-a59f-5dc6-b5f5-10516e00cd1c	biolink:Gene	VWF
uuid:91245be0-3533-51c4-a823-b6cc5d815dc0	biolink:Gene	COBLL1
uuid:989ceae3-b939-54bd-aa78-74d24cb3526a	biolink:Gene	BMPR2
uuid:c5c77997-b70f-529f-a419-cfbb9da5d90b	biolink:Gene	LRMDA
uuid:67562f32-2122-5bac-b664-25542fc92144	biolink:Gene	UTRN
uuid:21240e1e-8220-53fa-8b83-dbd27a30c75e	biolink:Gene	LDB2
uuid:abf2478a-b49f-59f8-9afc-ec94d4d35e47	biolink:Gene	PLPP1
uuid:1290d265-cf14-5be0-b4a3-cb63f40d53a5	biolink:Gene	AFF3
uuid:99c3412e-8a0a-5d0e-a585-4cc99d11d206	biolink:Gene	LHFPL6
uuid:e939ac79-873d-5c96-b9ff-91b64d9965bc	biolink:Gene	RBMS3
uuid:641bbeab-b320-5984-b773-92944b712360	biolink:Gene	MYRIP
uuid:f1680802-ee9a-5034-b101-bbd6e7d04452	biolink:Gene	FLI1
uuid:e3f1fec4-fb33-5ee5-8b12-448509db9ec8	biolink:Gene	TACC1
uuid:960bbf3d-f802-549a-84a6-540019c440a8	biolink:Gene	TIMP3
uuid:7bf99b1f-5f8d-58ae-b60c-636c9ef7f56c	biolink:Gene	ST6GAL1
uuid:c137abdb-954d-5fa5-ae7f-f662b835bc0e	biolink:Gene	IGF1R
uuid:334d4586-7094-5a22-82d1-b5d68d7d34f7	biolink:Gene	EPAS1
uuid:83e6a5c2-63bb-5fa5-a4a4-739dbf68133e	biolink:Gene	INSR
uuid:8cd929af-c0fd-5563-a51b-ed669ee2f0e3	biolink:Gene	CRIM1
uuid:754d761f-1d83-5f74-b668-5fb9deef2af9	biolink:Gene	SPTBN1
uuid:178f654e-3814-5d96-959a-85f1aa13a3d7	biolink:Gene	FOXP1
uuid:d3027840-8df8-512e-89da-c28896a68160	biolink:Gene	DOCK9
uuid:003b30a1-45b9-5419-b49d-082bc7747b4d	biolink:Gene	PRKCH
uuid:759cff55-88cd-5b7b-9bf2-43ebdb0878fe	biolink:Gene	FTX
uuid:d51fb5e5-224e-55a7-8237-3ba613484ab7	biolink:Gene	ANO2
uuid:5bd15d92-7994-5d09-a605-9527f77196c9	biolink:Gene	GPCPD1
uuid:dcb9ea5d-11d9-586b-a942-7c0cacfe6435	biolink:Gene	ZBTB16
uuid:224f12fa-3cb8-5188-b385-6ec6157715a5	biolink:Gene	JMJD1C
uuid:cec37164-51ea-5c25-9dfc-2733e2508dd9	biolink:Gene	PIK3R3
uuid:4215f582-be8e-5134-821c-a9ecd83bed37	biolink:Gene	TCF4
uuid:c2f7fccc-dedc-5e11-ab23-2ca1a50a1109	biolink:Gene	NKAIN2
uuid:38cdd7b1-014c-5c5e-90a9-be68f3b27d99	biolink:Gene	PELI1
uuid:55a06154-c534-5600-9750-c96f464d7e13	biolink:Gene	PTPRB
uuid:f16b78ed-c191-51a3-986c-8473ecf63ae5	biolink:Gene	TBC1D4
uuid:7afe6f75-776d-5963-9f1f-139fadab6a41	biolink:Gene	CCNY
uuid:a25fec95-40ac-57c2-be30-158f018f0206	biolink:Gene	WWTR1
uuid:296e4236-3ea8-57b6-9ac9-fe83c774982b	biolink:Gene	RAPGEF2
uuid:95ffbf5c-4439-53fc-9bf3-90ae31e1e419	biolink:Gene	AKAP12
uuid:777afba9-25ae-55f3-8930-190266b8a7c5	biolink:Gene	SORBS2
uuid:d7426ebc-31fe-5a12-9c34-491d8bb59595	biolink:Gene	PLCB4
uuid:571e758c-0f98-5e37-8f59-968d72d3cc96	biolink:Gene	NCOA1
uuid:fb4daf07-0f4e-5217-8662-ef39493b1cc4	biolink:Gene	ABCG2
uuid:b8080286-12d2-56a0-83bb-4e4471ded812	biolink:Gene	MAST4
uuid:595a6dc3-758b-53b5-bebd-83301c64aa1b	biolink:Gene	DKK2
uuid:4873a95d-332e-5eb0-8173-4aec850f8749	biolink:Gene	LINC02147
uuid:3bcf8d98-44f5-5827-8b19-32be382df754	biolink:Gene	TJP1
uuid:90fa1964-c446-5495-90ae-0645545a1ea3	biolink:Gene	APBB2
uuid:f56d966b-bb2d-57b6-868b-63a035d714e3	biolink:Gene	PLEKHG1
uuid:40c8a94c-95b0-5f7a-bf69-db432789ff1f	biolink:Gene	ENSG00000236283
uuid:299ece25-71a3-517a-8e15-6602c6375f19	biolink:Gene	SGMS1
uuid:231aea14-0474-58d3-b298-8396eb04a498	biolink:Gene	SLC7A5
uuid:32fff2a4-6b2b-5047-ab9d-f920eccf5663	biolink:Gene	ENSG00000291073
uuid:cd94d610-852f-560e-8193-861675a2cd09	biolink:Gene	GALNT18
uuid:1951f0aa-4d06-541e-9bbd-cb77a0368ba8	biolink:Gene	AUTS2
uuid:d99da1cd-5f2f-541f-93e6-7bea747df1cd	biolink:Gene	TTC28
uuid:69281fc0-74dd-50f4-9352-89133a1f78ae	biolink:Gene	ARHGAP26
uuid:00a5c96a-1d89-5d10-8564-679441f761f9	biolink:Gene	SLC26A3
uuid:0d45411a-ad59-52fb-b330-79f5ffd91a15	biolink:Gene	ESYT2
uuid:4ec8df38-8d87-5de4-a839-c0344190f936	biolink:Gene	LIMCH1
uuid:81011c18-c8be-57eb-a9a7-afd3877955a5	biolink:Gene	BBS9
uuid:9cd802a2-7eac-5a79-830c-c57b9d943cd0	biolink:Gene	RPGR
uuid:8381e679-4480-5d4e-9d43-19a16cfd6c09	biolink:Gene	SYNE2
uuid:fe50b535-9d7d-5c12-9d15-e8fb3226acb6	biolink:Gene	CGNL1
uuid:34567f95-a8c2-5157-b110-e00dba371520	biolink:Gene	TSHZ2
uuid:db216347-752e-57bc-9879-81893ab5f6bb	biolink:Gene	MRTFB
uuid:cad67160-c288-589b-aec4-be5740351598	biolink:Gene	HTR2C
uuid:8acd735c-8a51-5e2a-98c0-d3951f03c391	biolink:Gene	CFAP46
uuid:67e9aabc-ade5-5147-8842-45e9ad0bffed	biolink:Gene	KAZN
uuid:be14b4de-25dd-57cb-8dbb-8542a7b9fa27	biolink:Gene	GRM8
uuid:dcece35c-1489-5626-b6fc-d0bd58ce6b4d	biolink:Gene	NWD1
uuid:92314dbc-d95c-5885-9a22-f2745b4a1cc1	biolink:Gene	DPP6
uuid:c444aa8a-15f9-5ccd-8667-0145f08cec68	biolink:Gene	AGBL4
uuid:e2c99efa-9689-5e0e-b55e-7088a765054a	biolink:Gene	CRPPA
uuid:c2c452d7-7541-54fe-aacc-7a1c3541681a	biolink:Gene	ENSG00000258312
uuid:6433e68a-5820-582a-83cc-61735ebf8854	biolink:Gene	RBM47
uuid:e08bba9c-49e1-51e6-a672-2f8f6ee3b8e1	biolink:Gene	CFAP54
uuid:0beb8ee3-985c-52c0-ba4a-ea86ab02d2ef	biolink:Gene	DYNC2I1
uuid:202d05d3-186b-5ba0-aa57-23b1a0322d05	biolink:Gene	DNAH9
uuid:04ce6545-cca7-5b5a-99a4-849c466c2dc1	biolink:Gene	PDZD2
uuid:e0c6c603-fe1b-5dd2-a0ea-9c9cd19338f8	biolink:Gene	PRLR
uuid:677e3f95-7b3e-5e3b-82a5-262c96da9442	biolink:Gene	TRMT9B
uuid:fc3b079f-c02d-5e67-9c62-19bfb8966620	biolink:Gene	SHANK2
uuid:627f2f74-9b1b-51c2-8587-4f4ed93126c6	biolink:Gene	SH3D19
uuid:2aa2d25c-06f3-5c91-8b22-d71f121b158d	biolink:Gene	CFAP299
uuid:b1a06d85-21b0-5d02-b631-76ddb7c73cb9	biolink:Gene	HDAC9
uuid:51e2c96f-64b1-580c-80fd-6259e0f041a8	biolink:Gene	SLC13A4
uuid:689413aa-ea1b-54a4-9c8e-5433417df1ea	biolink:Gene	OTX2-AS1
uuid:0085d817-4236-5420-9083-7022b2ebe877	biolink:Gene	TSC22D1
uuid:7019d78a-876a-56d0-af2d-1705cfcd9d17	biolink:Gene	EIF4G3
uuid:888a7d77-f3e2-5b56-b74b-a1036ad83ff0	biolink:Gene	PLD5
uuid:9e5c1362-26a5-5369-90d7-7f4b2e6e6d85	biolink:Gene	GALNT17
uuid:448d2fdb-f2bb-5f68-92b5-de7d26ffb935	biolink:Gene	TMEM232
uuid:6377b335-8a10-538e-9f0f-90d5df5cae96	biolink:Gene	LDLRAD4
uuid:ea554226-7912-5713-8777-b75547730ae3	biolink:Gene	PHACTR2
uuid:35df502b-0eae-548f-afe9-462734d96330	biolink:Gene	PDZRN3
uuid:ccf5606b-58c0-5272-adb4-559a2d2d0ccf	biolink:Gene	HYDIN
uuid:705ec3ad-c2e9-5da3-9483-98cf48bb77b9	biolink:Gene	LINC00276
uuid:ce7bcbd2-74a8-522f-b379-474ad9681cec	biolink:Gene	PCAT1
uuid:0a5b91c7-818b-560e-a85a-888dc76fad18	biolink:Gene	ATP2B2
uuid:4c49a4c7-6ae4-55ab-8598-76ed6eb8848a	biolink:Gene	LINC00598
uuid:e37e26ba-b737-5101-aa22-54db240ef2f7	biolink:Gene	DNAH11
uuid:d7d32527-9080-557d-a862-061d33aba564	biolink:Gene	KIAA1217
uuid:8e22bcfe-b483-5999-a81a-6e73437f7b22	biolink:Gene	RABGAP1L
uuid:f7cafb89-866b-5255-90f8-b21301bfb1f9	biolink:Gene	GOLGA4
uuid:4da701ec-e153-5a08-b804-84aa7ac7386f	biolink:Gene	PNN
uuid:688bef88-8896-5ca6-8ef0-39d22626fb5b	biolink:Gene	C8ORF34
uuid:0d201756-55a8-5854-823d-c60c3afb5c80	biolink:Gene	VAT1L
uuid:0b153b0b-5cb8-5426-b267-40538f86ec17	biolink:Gene	CLIC6
uuid:aa4b5b94-d0aa-5155-8815-f3a60cbc2313	biolink:Gene	TMEM117
uuid:5e282ff9-b3ee-54b7-8eb0-adcb7cb8d741	biolink:Gene	SULF1
uuid:c5e1c320-7f42-554c-b417-a55ca2dfc3fd	biolink:Gene	PIP5K1B
uuid:cf6b6bc6-24d8-5140-b2e0-e56a31266d98	biolink:Gene	SLC4A10
uuid:c1eb3d18-75ed-5de2-8e19-d4fcca8067e5	biolink:Gene	MAGI1
uuid:f218f6b1-fa6c-5c9a-a00f-5e6b210003d5	biolink:Gene	SLC20A2
uuid:1f5d5430-75d7-51c8-a92c-1b6c3ac0f766	biolink:Gene	ENSG00000228655
uuid:d3bf02ca-8fe2-5f27-937b-37b3ad68b1b8	biolink:Gene	RFX3
uuid:f1bb43ad-1d54-5afa-b752-4f46f8172d67	biolink:Gene	SPAG17
uuid:9ab30178-1050-518c-868c-fe6134d7127b	biolink:Gene	ENPP2
uuid:58df6422-ed78-582f-89a5-2a2786a9f288	biolink:Gene	PLEKHA5
uuid:7bc551dc-3a11-545a-b6fa-620ac67af47b	biolink:Gene	CUX2
uuid:06956c2e-c4b9-5b90-9796-899bcf8fe3ca	biolink:Gene	DNAH7
uuid:cf62b005-e178-577d-ab5d-814848403bf2	biolink:Gene	PRDM16
uuid:7994fce9-642c-5434-92fe-961b1a293192	biolink:Gene	FGFR2
uuid:47c9a735-0021-59cc-9f8a-d75d1e0c901c	biolink:Gene	ROR2
uuid:3d4f1e51-f0e9-5ecf-88d6-89aef80e2e77	biolink:Gene	DNAH6
uuid:e686a04d-77ae-5ad3-9054-025cbe77e784	biolink:Gene	NLGN1
uuid:3c698c02-33b4-5649-91f8-3a961fe5bc1c	biolink:Gene	ATXN1
uuid:aab4354a-87c7-5cd4-93a4-1c6d3d92d1e3	biolink:Gene	CEMIP
uuid:5d6c32af-61fb-5124-933c-f628126ee46a	biolink:Gene	LAMA2
uuid:7a372086-ddb2-57e8-aed3-e7d15cffc068	biolink:Gene	KCNMA1
uuid:10807036-b9ec-5b72-9a9b-7dd5ff538375	biolink:Gene	GPC6
uuid:48012f95-d18d-54a8-a397-fdd7ead8f064	biolink:Gene	BICC1
uuid:2958a76c-d022-59ce-9b4a-0b9dd559331b	biolink:Gene	NTRK3
uuid:38f4b31d-dacc-52cd-95df-03ffabd1b37f	biolink:Gene	FLRT2
uuid:e7c92d42-481d-5d36-b1ae-66774f4c5ca9	biolink:Gene	RNF220
uuid:cba6d21d-61aa-5b19-8995-cc0a61e629fd	biolink:Gene	BNC2
uuid:71af1c61-bea4-53a0-a8de-fcd04222ab36	biolink:Gene	USP53
uuid:fc4bc1b6-0a06-58eb-a43a-957791474af8	biolink:Gene	ADAMTSL3
uuid:f07346a7-0758-58d3-8444-1c602eb11163	biolink:Gene	ZEB1
uuid:683cf777-09ae-5f26-9e3d-a9699a658a79	biolink:Gene	COLEC12
uuid:74a22408-5d03-540a-9e79-78345738acda	biolink:Gene	UACA
uuid:4fb5557f-6890-511e-b699-f3e26528a3c7	biolink:Gene	PTGDS
uuid:edc8b9a5-ef36-5c3d-8fda-6c9ff07b42b2	biolink:Gene	SLC38A4-AS1
uuid:546172a3-9945-5351-bf59-63282f43b6c9	biolink:Gene	ATP1B3
uuid:00a1ef41-29c8-5cac-a4de-be2cda3cc938	biolink:Gene	TRIO
uuid:32d897bc-367b-5cb1-9373-3141dd751b94	biolink:Gene	CALD1
uuid:ea48fab7-e98c-54d1-91f7-2e9f03e7d1ac	biolink:Gene	MIR100HG
uuid:a2241bcc-96fd-5e85-bea0-5c669192df37	biolink:Gene	SVIL
uuid:d4d5a754-b72f-5ef4-895c-84e48d5e4a3e	biolink:Gene	PDZRN4
uuid:18797a3d-c2be-5326-9d62-7f34d3dfd3c9	biolink:Gene	LPP
uuid:801e0482-a884-5c92-8644-4c06e87c3377	biolink:Gene	SLC26A2
uuid:6d9d4e63-ec41-53be-bd15-60d16f39c461	biolink:Gene	LINC01088
uuid:0bd9a8fb-9aeb-586e-9a78-228202e4a57b	biolink:Gene	CELF2
uuid:d06d4698-baa3-55ab-9b94-e2ac41310874	biolink:Gene	ABCA9
uuid:9da9aa59-3ad1-5048-ad74-13d495ff99b7	biolink:Gene	TPM1
uuid:34c637b1-f191-5662-aff2-6f4c0c79a17b	biolink:Gene	CACNA2D3
uuid:470de7ff-ba9a-5194-9453-2ec1a9e925de	biolink:Gene	PARD3B
uuid:d30028cc-123c-580b-b72d-7a65cee71185	biolink:Gene	UNC5C
uuid:207f1263-9115-5901-83c4-151f0bea1c44	biolink:Gene	MDGA2
uuid:829f0d30-da75-5d8f-aecc-56d2a54dbb04	biolink:Gene	SETBP1
uuid:9c929dee-d9a7-5d34-8c4f-50dc660b2060	biolink:Gene	EBF1
uuid:af181e1b-daba-5f1d-81f6-01c0a00ca48e	biolink:Gene	EPS8
uuid:b8756626-8667-5ba1-904b-eb1a5aa7e7f9	biolink:Gene	EXT1
uuid:6428ec21-14d9-5a45-a082-cd15349de34f	biolink:Gene	IMMP2L
uuid:6e13da01-e90a-55d0-86da-acfaccfcb7a7	biolink:Gene	GMDS
uuid:e19f30b4-bedd-592e-a9f3-0e9d986bc060	biolink:Gene	SASH1
uuid:da2f8ece-0e55-552a-8291-1716e81d0e20	biolink:Gene	PHLDB2
uuid:c12d4adb-2318-5983-913b-739a8aad9f39	biolink:Gene	PLXDC2
uuid:678ec266-795f-5db4-9364-234a205dd5cf	biolink:Gene	KCNT2
uuid:b3968525-5a52-5698-8a25-aa326f8eadae	biolink:Gene	BACH2
uuid:213f0957-eac4-5e19-9e85-bb5a0fd51c81	biolink:Gene	SLIT2
uuid:fd5917a3-2de0-5369-af7a-d872c9a19f58	biolink:Gene	LINC-PINT
uuid:e3abdf8b-5cea-5615-a30a-b50bc1c8859d	biolink:Gene	ENSG00000243620
uuid:893d283c-0d5b-512e-9f15-279a3c6e3508	biolink:Gene	SLC7A11
uuid:2148f1b6-a318-5d05-a085-379955873796	biolink:Gene	ANKH
uuid:c40ca1c4-de52-5c48-a915-72d9994d707e	biolink:Gene	COL4A1
uuid:259093e8-9553-5152-8ebc-7dcbe2fe1b43	biolink:Gene	TMEM132C
uuid:0703a762-6275-5246-93dd-4cd234d5ec6a	biolink:Gene	FRMD4A
uuid:e04d1449-310f-50d8-a604-f838a64af28b	biolink:Gene	C3
uuid:41c61605-c24f-53cb-ac9d-fa1100c70f38	biolink:Gene	LINC02798
uuid:3490dcc2-01fa-5ee3-9b19-12b14a3ac968	biolink:Gene	ABR
uuid:34a41ed5-471a-5b20-8c9e-ccaf428ee885	biolink:Gene	SFMBT2
uuid:ea84e747-7fca-5f8e-b7e8-21ef55d1fc34	biolink:Gene	SYNDIG1
uuid:91a7fdd8-8576-5be8-972e-1b7d36e227af	biolink:Gene	ITPR2
uuid:8474b631-3dcb-5096-908e-961c2e49c936	biolink:Gene	FOXN3
uuid:ceb348d8-b27e-53c3-8cf8-dcd9b4bf9af2	biolink:Gene	ARHGAP24
uuid:c6ab8e3d-b6bd-5be8-8ccf-5a8d8fefe96a	biolink:Gene	KCNQ3
uuid:053db765-f92b-5cbc-9046-fcfe7a8a7fbe	biolink:Gene	APBB1IP
uuid:c9ea8738-513a-5b5c-92d0-305bde001c7c	biolink:Gene	ADAMTSL2
uuid:0b27641b-3f41-5920-91d1-083cf43eb387	biolink:Gene	EPB41L2
uuid:ae8873a0-fe00-5b45-aaf1-ea0979f7aed7	biolink:Gene	SRRM2
uuid:9f4bda66-f64d-5fa9-a2ed-4a3b07aa5a10	biolink:Gene	ELMO1
uuid:52811d48-b08d-59f0-abd7-356960e54776	biolink:Gene	MYO1F
uuid:cfb34c73-6e35-5c26-86d9-4b897efea0a7	biolink:Gene	INPP5D
uuid:ee7d51de-5ea7-5d5e-814a-1f0690535743	biolink:Gene	SSH2
uuid:4d117d09-1d92-5196-a724-0d846d942274	biolink:Gene	DOCK8
uuid:e47af8ab-212b-5f8e-b813-f1be49fa801f	biolink:Gene	CSF2RA
uuid:eb847de4-5b77-5b5b-adcf-6cfcbb640661	biolink:Gene	MEF2A
uuid:da33020d-a3b1-5141-961c-ce873b023218	biolink:Gene	AOAH
uuid:a838face-6b11-5697-8e01-96bdbf622e72	biolink:Gene	SPP1
uuid:7d12704c-3996-5f60-aef6-bf5d765d64a5	biolink:Gene	PTPRJ
uuid:356c7146-e0fd-550b-961e-5fc5767717ec	biolink:Gene	MEF2C
uuid:ebe26aa2-858b-5a10-a6ab-796e3bda6768	biolink:Gene	DLEU1
uuid:38675560-26b8-5695-bc4a-8584d2b3368f	biolink:Gene	SLC9A9
uuid:a43fc52b-30d2-5271-a4d6-432e8abf3751	biolink:Gene	SORL1
uuid:08897117-9753-58b5-9e8b-cf54d830b2e4	biolink:Gene	CYFIP1
uuid:27b837e6-0f4d-5aa4-8337-ee63eead9eb5	biolink:Gene	RYR1
uuid:6d8b5a1b-d805-59be-b5a8-e06012f2fdc3	biolink:Gene	ZFHX3
uuid:594e8fde-36dd-5040-9d40-4350d4d45a2f	biolink:Gene	RASGEF1C
uuid:12d8232c-dc99-5224-8b8c-2a5c917bc06f	biolink:Gene	SRGAP2
uuid:b74bbf6c-fdc2-5d2e-b3e2-544d83eb6f1a	biolink:Gene	TBXAS1
uuid:f7201c0f-3db5-57ed-84f3-5185b1bb7a4b	biolink:Gene	GNG7
uuid:61f4cc11-f004-55d6-913d-d6197a76ceb3	biolink:Gene	DISC1
uuid:bb45a361-702a-5d4c-ba21-c0aa89fbeb61	biolink:Gene	TCF12
uuid:ac29147a-f074-51ae-a553-218a346fa046	biolink:Gene	MAML2
uuid:9e7ba5b2-f40b-56a5-91d7-6d962a389907	biolink:Gene	CHST11
uuid:aae7eeb1-4ad5-5678-80d5-924f70cfd920	biolink:Gene	SLC8A1
uuid:840215c9-67be-5435-b470-467c3b0d0672	biolink:Gene	ZEB2
uuid:73f40ef6-f1c8-54d9-872a-8a65ba6e53e3	biolink:Gene	ARHGAP22
uuid:db28f1fe-419f-529e-a984-5c1609a482a2	biolink:Gene	FYB1
uuid:b7d502ec-b634-5183-8ff0-3455c4f9abd7	biolink:Gene	SLCO2B1
uuid:cacc02fe-0c75-5c4c-a376-2dd398edf9fa	biolink:Gene	ANKRD11
uuid:0b0bce95-25c8-564a-ba6a-28548ef9bd79	biolink:Gene	RUNX1
uuid:d329a1b5-fcde-535e-99ae-6c4c70f626b1	biolink:Gene	RNF213
uuid:1d66f3c5-71ce-5cfe-b030-fe813cdcf0cf	biolink:Gene	FCHSD2
uuid:50e5e60f-5f38-5d4a-b74d-457898e3175a	biolink:Gene	MERTK
uuid:d7543df5-c1bf-5641-94c0-755ec8fed82d	biolink:Gene	MAP4K4
uuid:c862daf8-db99-519c-8a29-5c7265ba6e3d	biolink:Gene	PICALM
uuid:5d5eaea7-9c70-5265-a33c-b5fae4772b98	biolink:Gene	GLDN
uuid:8672ef75-b8e2-5573-843b-ec7e048358be	biolink:Gene	MAML3
uuid:ef61d88f-be97-58c6-8fd8-950518c26291	biolink:Gene	ENSG00000285534
uuid:9b02d6c5-7e14-50f1-bd25-7e85f40a1932	biolink:Gene	CYRIB
uuid:c6d3a648-a4f2-5d1e-8c5e-e3c569789e07	biolink:Gene	UBE2E2
uuid:8e936884-649c-5092-97d4-4bd4a1d43420	biolink:Gene	MED13L
uuid:0942841f-b2f3-5457-a5e3-85a4e157c7b9	biolink:Gene	PRPF38B
uuid:682e77c3-bb07-5ccc-844b-b61d58d3a725	biolink:Gene	ETV6
uuid:7f5fd809-9589-529a-8fcf-d0bd1ab9c57a	biolink:Gene	RERE
uuid:cf247b37-0a16-564b-8ea3-caff01a62241	biolink:Gene	DIAPH2
uuid:41f28867-ec5f-531b-a0cb-6c1d7b89eb4e	biolink:Gene	AKAP13
uuid:600c8ab4-4f36-53ed-b7a6-7c66a4dd6134	biolink:Gene	BMP2K
uuid:98cfa434-804f-58a1-a2fd-d8bf4a13ba60	biolink:Gene	CSF1R
uuid:3b865767-727c-58ec-924d-d701ae055057	biolink:Gene	MYH11
uuid:49e2fb89-7186-5892-8601-10cc1b0ad4c2	biolink:Gene	CACNA1C
uuid:c37fa47d-b8d2-5b6c-a530-29bca188c78c	biolink:Gene	DMD
uuid:509320b6-e243-5dbe-a7b7-997cf6fa8385	biolink:Gene	ACTA2
uuid:1e743568-6971-5c59-89bc-02331cbf2178	biolink:Gene	TAGLN
uuid:6976b390-f404-5e7d-b805-b9a2d05523c3	biolink:Gene	CARMN
uuid:b0b6be28-f56c-5954-adc4-b6e8d2c601ef	biolink:Gene	TALAM1
uuid:a59113b8-6786-5414-adde-580e8dbd65a4	biolink:Gene	DLC1
uuid:b273db6c-9dd2-5453-8e7f-14a94aee6570	biolink:Gene	RBPMS
uuid:2d9a3e24-3ffd-5590-85a1-351353238002	biolink:Gene	LTBP1
uuid:ee182ca9-939a-5130-8e3d-9912413c5b21	biolink:Gene	PDE3A
uuid:4ea1457f-bbfc-5ef3-9d62-9b5adb7d59f9	biolink:Gene	DSTN
uuid:079e6800-f862-5a4b-97d6-d5a9ecc13e63	biolink:Gene	RGS6
uuid:29c609f0-ccf5-5248-b1aa-d361883108b7	biolink:Gene	TPM2
uuid:b823c082-4028-5708-91e0-5a8501ea5f83	biolink:Gene	SYNPO2
uuid:5bfd62c9-d256-5779-a53f-a946b272cc88	biolink:Gene	COL4A2
uuid:8494f910-5071-569f-b9a8-5230e68645e2	biolink:Gene	MYL9
uuid:ae92e01c-dd92-5d4e-bf4c-d14d46b267ba	biolink:Gene	SLC6A1
uuid:653859b9-ddd8-56e1-9cf0-9bda3e88cd30	biolink:Gene	SLIT3
uuid:ef8638a5-8773-52b4-9b78-86f9b3105e0a	biolink:Gene	IGFBP7
uuid:fb43eefc-9768-5dc5-bc81-5dcaa985b34e	biolink:Gene	FN1
uuid:d741f810-48a5-5326-986c-a0ff2ac72c88	biolink:Gene	MBNL1
uuid:edb15f5d-07c2-5116-a63d-ce9fbabf40c2	biolink:Gene	PDE1C
uuid:a5ad445c-fe54-51ad-aeee-076d6a57f136	biolink:Gene	ATP1A2
uuid:c21af252-21a8-527c-9259-d29b5acbef52	biolink:Gene	ACTB
uuid:4230f66c-5bc7-5e0a-ad2e-3054187f1d38	biolink:Gene	ADAMTS9-AS2
uuid:2f064ee1-7440-5fb9-9cf0-5c86bcc7ca21	biolink:Gene	PPP1R12B
uuid:e89f5574-18a6-59a7-a5b6-c4b362d2f705	biolink:Gene	EEF1A1
uuid:80dc94f4-66eb-5c53-953d-819582d09515	biolink:Gene	RYR2
uuid:153df05a-eb8a-5c2e-ac25-47f28330ce45	biolink:Gene	C1QTNF7-AS1
uuid:e2bef38d-4aa2-50fa-9476-e4e0fede9565	biolink:Gene	PDLIM5
uuid:259b8b03-58c4-594c-9a1a-9e66d6105d25	biolink:Gene	VIM
uuid:157197b6-8cea-55c4-9349-bb265d39c8d8	biolink:Gene	RCAN2
uuid:958b71d1-0bac-5aa6-a6f0-da5be696f371	biolink:Gene	AKAP6
uuid:847c45e6-40ab-50c3-973c-0397249ef5a2	biolink:Gene	AOPEP
uuid:88a8eafb-b68b-52ee-9634-cdf256ee5f84	biolink:Gene	FRY
uuid:d813c68b-85af-5345-96be-35ae11c08720	biolink:Gene	FLNA
uuid:19970003-6b84-5c57-aa3a-c349f21ee269	biolink:Gene	ARHGAP10
uuid:cb71313f-a48a-5a02-be1b-bc8c97d80cca	biolink:Gene	SDK1
uuid:538f10ff-ca2b-5eca-ba7b-feae3c4734e4	biolink:Gene	ITGA1
uuid:45c0fdd0-0449-53fb-ab32-9814b9128473	biolink:Gene	LMOD1
uuid:a2066d87-e097-5423-ba9f-71f9b294f3a7	biolink:Gene	PRUNE2
uuid:bfd44c01-0c9f-5a8e-8d8f-76fb4765ccec	biolink:Gene	TNS1
uuid:b0138aad-e1f7-5287-8d25-260c3a8685cf	biolink:Gene	NR2F2-AS1
uuid:165c2b8f-8bdf-52f5-80e4-fde7c4fd84d6	biolink:Gene	UNC13C
uuid:0d8dad42-df0e-5f57-8888-ea74095c58cf	biolink:Gene	ROR1
uuid:046772bc-fcc1-581e-b478-2818b8621426	biolink:Gene	COL8A1
uuid:a9c23836-9425-52ce-abe1-2269f7ededdf	biolink:Gene	PTH1R
uuid:a927166f-7322-561c-8517-437f11cd49d4	biolink:Gene	AKT3
uuid:b50edcff-5ba6-5e6c-8733-b194c5f9272a	biolink:Gene	ENAH
uuid:c7717b24-a5b3-56c3-a30a-2441239418e1	biolink:Gene	INPP4B
uuid:b226faf2-4280-51bf-b751-81a980b48ceb	biolink:Gene	RBFOX1
uuid:a9bb2f63-6653-59df-abfb-c7948ff74b4f	biolink:Gene	KCNIP4
uuid:b8132253-aba3-51f1-b818-1e2020622484	biolink:Gene	SNHG14
uuid:f1206274-3c88-597e-b7fa-34aab63db59c	biolink:Gene	NRXN3
uuid:1f8591bd-2967-52ef-89d1-072301899ae5	biolink:Gene	CNTNAP2
uuid:a1c7b50f-94b7-590b-a76e-61362327a312	biolink:Gene	ROBO2
uuid:c705f264-ed35-59d1-bc00-c65c0d92b2ad	biolink:Gene	DLGAP1
uuid:4da1bfcb-ff3f-5237-a3bb-4c0c344ebd4c	biolink:Gene	CSMD1
uuid:bb8246ed-72c8-5e2c-8556-6c15f6c8cd41	biolink:Gene	ADARB2
uuid:79f8ee0a-5355-5520-a305-f897cc6677b8	biolink:Gene	SYT1
uuid:5eccc115-6dc2-566c-9a00-1d3ae60f2ed4	biolink:Gene	GRIK2
uuid:5eabe434-a5b5-5308-bfaa-44ae5ce0019e	biolink:Gene	IL1RAPL1
uuid:51a02c69-269d-5ad1-9faa-f499511842f7	biolink:Gene	LRRTM4
uuid:2bc43487-0620-5ec1-991b-8157cc8cc8d1	biolink:Gene	ANKS1B
uuid:cbf5396a-b95e-50d7-a659-87aa6d3a08a0	biolink:Gene	LINC00632
uuid:7d8bbdbd-95fb-5af0-bf85-eefff84ad32b	biolink:Gene	FGF14
uuid:c4176d3f-7135-510c-a545-604d1a067b62	biolink:Gene	RBFOX3
uuid:23bc31dc-cf97-5a98-90bc-18aee285b81b	biolink:Gene	GALNTL6
uuid:68fa1068-1b8d-5256-8236-ca85a8bbbfdd	biolink:Gene	ZNF385D
uuid:668c4e1a-34d3-542c-8281-b177e39807b1	biolink:Gene	MEG3
uuid:e192b445-ab8b-5bff-b1f3-3582d97c89d3	biolink:Gene	MACROD2
uuid:9d49e9fa-097f-540d-8e81-6c058c280ef9	biolink:Gene	GRIK1
uuid:299a4b31-7464-58e7-805e-cbda44655502	biolink:Gene	CNTN5
uuid:44565660-fc25-5dde-a20b-a23517a87932	biolink:Gene	MYT1L
uuid:d6e1ba70-a532-52c8-9840-83a1652c1bd1	biolink:Gene	KCND2
uuid:93845f33-ae61-53e0-9f4c-0a04176a36f6	biolink:Gene	PTPRD
uuid:37a6459c-ba5d-58f5-9b24-86480b931e09	biolink:Gene	DLGAP2
uuid:87b0ead1-cc85-5834-951f-cb83902e20d2	biolink:Gene	OPCML
uuid:5fc01d4c-7541-5b39-a92c-31e1a71feb6b	biolink:Gene	SGCZ
uuid:54138647-9b1e-5095-baf1-645a6d1b0994	biolink:Gene	STXBP5L
uuid:15cc085c-0691-5957-bd77-2f55fe6b0689	biolink:Gene	ARPP21
uuid:6529eba2-1dd4-5490-a491-7c14535c9399	biolink:Gene	RIMS2
uuid:428e8fa4-e490-58cf-b25e-00ec5e0e2c90	biolink:Gene	PTPRN2
uuid:207d7035-62d2-53d9-9e7c-977e0b52c77f	biolink:Gene	PCLO
uuid:ef209f05-2aad-56cd-b822-d1b229f9de26	biolink:Gene	MAP1B
uuid:afde3bbb-160f-50e6-be62-8f8217fb091b	biolink:Gene	CHD5
uuid:9057ceb0-7dee-5cd2-a206-273f60e22ef0	biolink:Gene	ATRNL1
uuid:8d5b5d0b-64ca-5231-a2bc-2b3959112ae3	biolink:Gene	ROBO1
uuid:c01e62ed-b1db-5b75-9d1e-91c10b55b766	biolink:Gene	NEGR1
uuid:591660dc-2fb7-517e-bc01-db467bed7dec	biolink:Gene	KCNQ5
uuid:fcaf614f-615f-5832-8435-e7c084572295	biolink:Gene	PLCB1
uuid:c5b8a8e8-f105-5b7f-9772-c1e31d1aad33	biolink:Gene	CCSER1
uuid:b2701092-029f-55dc-ae58-5385d38f1867	biolink:Gene	CDH18
uuid:ff838fa0-4c40-5740-97d7-db12cee253eb	biolink:Gene	PPFIA2
uuid:630e0a49-c199-5003-a684-e90ac054a3eb	biolink:Gene	CACNA1A
uuid:5725e91f-2414-5e05-a299-bd4e915e7bb5	biolink:Gene	RALYL
uuid:d98a6a57-7236-5db2-9f3b-801f6125445b	biolink:Gene	CSMD3
uuid:d7b1b2cf-c297-5815-a0a5-9909ed8c5c9e	biolink:Gene	SNTG1
uuid:a7ff2748-1df1-5cab-819b-179dd4fa51c0	biolink:Gene	TIAM1
uuid:ab9bcd35-577c-5f83-a661-1c45e24d383e	biolink:Gene	PHACTR1
uuid:4f9462e8-d53a-518a-8d5c-331c8d675fd4	biolink:Gene	SYN3
uuid:fd9b270d-ed0b-560d-be9f-be2737e5c6a2	biolink:Gene	KIRREL3
uuid:69b5ebf2-b7c1-597d-b95a-582ea2e46ac9	biolink:Gene	LRBA
uuid:f80bdf68-f15e-5137-8708-c388267ce7d0	biolink:Gene	LINGO2
uuid:a0bed238-3a83-5450-a128-a14a0079310f	biolink:Gene	LRRC7
uuid:55b2f408-9880-5b98-bf13-5905ceb564ee	biolink:Gene	DOCK3
uuid:9b40edaa-8ca2-5238-903c-8ca79bdc223f	biolink:Gene	DAB1
uuid:fd2d42a1-c5b1-5421-927f-72f4287f008f	biolink:Gene	CTNNA3
uuid:e2116e7f-e283-57e9-8d2d-6025ca63a42a	biolink:Gene	SLC44A1
uuid:fdcd3d33-9057-5c63-b9f4-4a88b2229916	biolink:Gene	ST18
uuid:5eb96193-a9a4-5de3-8ca3-1f83ef6a8bbc	biolink:Gene	PDE4B
uuid:3baee5b5-321d-5ff7-b0d5-ae3aecfcca66	biolink:Gene	TRIM2
uuid:4d79b114-655a-5e5f-bc58-5e0ac55ee9cd	biolink:Gene	SLC24A2
uuid:6fe3fdc3-3f43-584a-8286-5f3b12c3263b	biolink:Gene	FRMD5
uuid:0049fdc5-1038-5e8f-b145-81c7aa8198bc	biolink:Gene	MOBP
uuid:9f694d31-48b6-5864-a5e0-57b162f6e17b	biolink:Gene	SLC5A11
uuid:c3a7b251-30ec-5ee2-ba29-3dd3baba9e94	biolink:Gene	MAP7
uuid:d9f4b4cb-8842-5d1d-b266-8e752109192b	biolink:Gene	PIP4K2A
uuid:60b69019-d92f-5b4e-a78b-c64062095ba1	biolink:Gene	SLC7A14-AS1
uuid:4df74d4d-cdad-56f2-87c5-a73a09ad1d8d	biolink:Gene	MBP
uuid:261ebdb1-307c-572a-a4db-ab460fb108f5	biolink:Gene	TMTC2
uuid:bb277aaf-c26e-57fb-8c3c-c6a94d43d95a	biolink:Gene	DOCK10
uuid:b8243ab3-a772-5c42-a52f-e1e3ff2e2267	biolink:Gene	PHLPP1
uuid:a38b54e0-c96f-5771-afdc-c3755cd042fe	biolink:Gene	FRMD4B
uuid:73bcb85d-4256-548c-91e2-f407031e7b1a	biolink:Gene	MAN2A1
uuid:109a6aaf-90d6-52f8-974e-7d56329f7818	biolink:Gene	ANK3
uuid:d979be2d-b9fa-54b7-8c1b-d832347fccbd	biolink:Gene	DNM3
uuid:a8d68b55-bb3a-5289-9af7-f7193d2cc4d5	biolink:Gene	PLCL1
uuid:5c377212-bc1c-53fe-bc4a-06404103e7bf	biolink:Gene	POLR2F
uuid:d2c1454e-5658-57cb-9cd3-1a5924f0134e	biolink:Gene	NCAM2
uuid:d9e2b7b7-34ac-574f-9f2d-45627c1d2584	biolink:Gene	PALM2AKAP2
uuid:daaaa7a3-95bf-54e2-b21a-572bc6260dae	biolink:Gene	DPYD
uuid:9e6a0081-e72a-518a-a59c-664f6382f10a	biolink:Gene	SHTN1
uuid:3f247bbf-2157-59a0-bac0-b431a05c81ea	biolink:Gene	AGAP1
uuid:e2c2ea0c-adcc-5aee-87f4-d9892335cee0	biolink:Gene	EDIL3
uuid:dd37c771-2363-59e4-b1d2-153d3b865df8	biolink:Gene	NCKAP5
uuid:88653ebe-9da1-53b9-a5d5-bc50967c7d92	biolink:Gene	DIP2B
uuid:45edb3b1-804b-58fc-9e1d-058fd5123231	biolink:Gene	PLEKHH1
uuid:f172b4b5-6f8b-554c-a4c0-7301b3013f12	biolink:Gene	TTLL7
uuid:9a8a16ca-ee51-5f38-862b-9e4014d3bdce	biolink:Gene	NCAM1
uuid:f95cafd2-de0b-5380-b328-e0421ca65b6c	biolink:Gene	SEPTIN7
uuid:97fd3338-3a12-58f5-898d-b1840cf50779	biolink:Gene	SRCIN1
uuid:902b3670-434a-5d80-8ee9-bbf2564b1ca7	biolink:Gene	PDE8A
uuid:32879aa1-06a6-5730-9784-1a32806ebefb	biolink:Gene	ZNF536
uuid:e68f3181-3b66-55ad-a96e-dddb13e3025d	biolink:Gene	MARCHF1
uuid:17358ef3-df74-520f-81c5-3815684cc8f8	biolink:Gene	CLASP2
uuid:98f72c98-e871-525e-8afa-9b27a36b13ed	biolink:Gene	ARHGAP21
uuid:fb7447d2-e109-57c6-8ecf-ade6aec1aeef	biolink:Gene	DLG1
uuid:2aa7fac4-3af8-54ea-b5b5-630f62362730	biolink:Gene	FUT8
uuid:806b2800-3132-57e3-a250-ebbaa110918a	biolink:Gene	TMEM165
uuid:9d1f2a6c-d7b7-5022-a67a-ed2f9621e542	biolink:Gene	HIP1
uuid:170fd008-fd55-5d7a-a782-9f7fb0554af7	biolink:Gene	CCDC88A
uuid:3df02081-1f76-57a3-8d4a-f7c86cfa512a	biolink:Gene	PXK
uuid:79a2171f-d305-5d23-8a8f-2ca0b6c5f691	biolink:Gene	SPOCK3
uuid:7c1d06ae-7efe-5273-9630-3643a9e79b01	biolink:Gene	SPOCK1
uuid:9ba57faa-bd48-5b96-bf93-3c3787d8d66c	biolink:Gene	C10ORF90
uuid:9cbb6b79-cda8-5b9d-822c-74f223850562	biolink:Gene	ERBIN
uuid:120b8833-3ab4-5c47-b4d2-309e98693937	biolink:Gene	FRYL
uuid:bcf10300-244c-5870-b9b2-776eb79fbd69	biolink:Gene	PTK2
uuid:d3618e12-395d-5ffe-9f91-f26dbec6e001	biolink:Gene	PEX5L
uuid:efb1afe3-41f6-5fc7-b556-2ed04564009f	biolink:Gene	DOCK5
uuid:0e27930d-8d6f-51a9-92eb-289c035f692f	biolink:Gene	DSCAM
uuid:031bd3b8-a035-5cd8-8917-e879fd4c4331	biolink:Gene	TNR
uuid:693ec3a3-6c31-52dc-beec-4c72212dd387	biolink:Gene	LRRC4C
uuid:8b572bfd-d554-5d52-b818-437cd569e590	biolink:Gene	LHFPL3
uuid:5df3f365-067d-52ac-82bc-354a0a92a36d	biolink:Gene	XYLT1
uuid:11604bb2-dbb6-5327-9336-9abafd044933	biolink:Gene	PCDH15
uuid:19de6b29-0789-5527-b277-7a3d985dd612	biolink:Gene	VCAN
uuid:56d23c97-6529-502b-bfea-6dac8ed62fa0	biolink:Gene	SEZ6L
uuid:a8c32a43-e4c4-54f6-a7a1-c61f9ca51200	biolink:Gene	EPN2
uuid:f4578a8e-ce8a-57da-b6b3-435be36b5ef7	biolink:Gene	PTPRZ1
uuid:354cecde-6f37-53c3-ba3f-010e002866a0	biolink:Gene	KCNMB2
uuid:5897c823-a301-5d7b-b1ef-c3da338af279	biolink:Gene	SOX6
uuid:9fc439be-b67b-59a9-85d4-6c7e4c5d1a2d	biolink:Gene	SOX2-OT
uuid:c8eac4cd-f896-51c6-be08-9314e5ea1e5f	biolink:Gene	NRCAM
uuid:f9787ebd-932d-55b9-ad09-f492b5a224da	biolink:Gene	FGF12
uuid:3647a98d-5e7c-5640-b404-0da2a7216c3c	biolink:Gene	CA10
uuid:c8dd6549-0465-508d-9644-1c6fa2c9cea8	biolink:Gene	SLC35F1
uuid:92434229-a4c9-543a-866a-d545e1c44635	biolink:Gene	MMP16
uuid:5a6e96a3-ee7a-52d6-83a0-ef4762407c5a	biolink:Gene	SCD5
uuid:74f479e1-5b55-5b0e-b1ba-22c6b94eae50	biolink:Gene	DGKG
uuid:be834419-b306-502f-ae7d-b9bea729468c	biolink:Gene	LUZP2
uuid:064d47f5-51dc-5925-9ac4-7bd7b31a7d96	biolink:Gene	KIF13A
uuid:a80a2759-ebda-5d34-a932-90ed9cb33608	biolink:Gene	TAOK3
uuid:cf0f924f-9e97-5dd2-8a1c-eca84e449549	biolink:Gene	NOVA1
uuid:8193b5e4-b1b9-590b-96ce-7eb39f85aab5	biolink:Gene	ASTN2
uuid:c5bb7010-0ea9-5b42-9bf8-861ce9c07d31	biolink:Gene	CLIP2
uuid:fba7c85c-fba5-52cb-bd66-8c197988a510	biolink:Gene	GRIA2
uuid:94c3548d-3b22-5114-a6ed-b4ba6b836603	biolink:Gene	SHISA9
uuid:e846c15e-18d7-5604-a85b-053e793c60cc	biolink:Gene	XKR4
uuid:f86f2498-0657-5dc2-ab8d-b3d16162f86b	biolink:Gene	DCC
uuid:93d6c66e-de24-57e3-954b-513bbe5f445c	biolink:Gene	MEGF11
uuid:8247bbc2-851c-598e-bdc9-1c0a7bbb3096	biolink:Gene	NAV1
